year,country_code,country,player_name,player_name_norm,position,dob,age_at_tournament,caps,goals,club,club_country,data_tier
2018,EGY,Egypt,Essam El Hadary,essam el hadary,GK,1973-01-15,45,158,0,Al Taawoun,,
2018,EGY,Egypt,Ali Gabr,ali gabr,DF,1989-01-01,29,21,1,West Bromwich Albion,,
2018,EGY,Egypt,Ahmed Elmohamady,ahmed elmohamady,DF,1987-09-09,30,78,2,Aston Villa,,
2018,EGY,Egypt,Omar Gaber,omar gaber,MF,1992-01-30,26,24,0,Los Angeles FC,,
2018,EGY,Egypt,Sam Morsy,sam morsy,MF,1991-09-10,26,5,0,Wigan Athletic,,
2018,EGY,Egypt,Ahmed Hegazi,ahmed hegazi,DF,1991-01-25,27,45,1,West Bromwich Albion,,
2018,EGY,Egypt,Ahmed Fathy,ahmed fathy,DF,1984-11-10,33,126,3,Al Ahly,,
2018,EGY,Egypt,Tarek Hamed,tarek hamed,MF,1988-10-24,29,21,0,Zamalek,,
2018,EGY,Egypt,Marwan Mohsen,marwan mohsen,FW,1989-02-26,29,24,4,Al Ahly,,
2018,EGY,Egypt,Mohamed Salah,mohamed salah,FW,1992-06-15,25,57,33,Liverpool,,
2018,EGY,Egypt,Kahraba,kahraba,FW,1994-04-13,24,19,3,Al-Ittihad,,
2018,EGY,Egypt,Ayman Ashraf,ayman ashraf,DF,1991-04-09,27,4,0,Al Ahly,,
2018,EGY,Egypt,Mohamed Abdel Shafy,mohamed abdel shafy,DF,1985-07-01,32,51,1,Al Fateh,,
2018,EGY,Egypt,Ramadan Sobhi,ramadan sobhi,FW,1997-01-23,21,23,1,Stoke City,,
2018,EGY,Egypt,Mahmoud Hamdy,mahmoud hamdy,DF,1995-06-01,23,0,0,Zamalek,,
2018,EGY,Egypt,Sherif Ekramy,sherif ekramy,GK,1983-07-10,34,22,0,Al Ahly,,
2018,EGY,Egypt,Mohamed Elneny,mohamed elneny,MF,1992-07-11,25,61,5,Arsenal,,
2018,EGY,Egypt,Shikabala,shikabala,FW,1986-03-05,32,29,2,Al Raed,,
2018,EGY,Egypt,Abdallah El Said,abdallah el said,MF,1985-07-13,32,36,6,KuPS,,
2018,EGY,Egypt,Saad Samir,saad samir,DF,1989-04-01,29,11,0,Al Ahly,,
2018,EGY,Egypt,Trézéguet,trezeguet,MF,1994-10-01,23,24,2,Kasımpaşa,,
2018,EGY,Egypt,Amr Warda,amr warda,FW,1993-09-17,24,16,0,Atromitos,,
2018,EGY,Egypt,Mohamed El Shenawy,mohamed el shenawy,GK,1988-12-18,29,3,0,Al Ahly,,
2018,RUS,Russia,Igor Akinfeev,igor akinfeev,GK,1986-04-08,32,106,0,CSKA Moscow,,
2018,RUS,Russia,Mário Fernandes,mario fernandes,DF,1990-09-19,27,5,0,CSKA Moscow,,
2018,RUS,Russia,Ilya Kutepov,ilya kutepov,DF,1993-07-29,24,7,0,Spartak Moscow,,
2018,RUS,Russia,Sergei Ignashevich,sergei ignashevich,DF,1979-07-14,38,122,8,CSKA Moscow,,
2018,RUS,Russia,Andrei Semyonov,andrei semyonov,DF,1989-03-24,29,6,0,Akhmat Grozny,,
2018,RUS,Russia,Denis Cheryshev,denis cheryshev,MF,1990-12-26,27,11,0,Villarreal,,
2018,RUS,Russia,Daler Kuzyayev,daler kuzyayev,MF,1993-01-15,25,6,0,Zenit Saint Petersburg,,
2018,RUS,Russia,Yury Gazinsky,yury gazinsky,MF,1989-07-20,28,6,0,Krasnodar,,
2018,RUS,Russia,Alan Dzagoev,alan dzagoev,MF,1990-06-17,27,57,9,CSKA Moscow,,
2018,RUS,Russia,Fyodor Smolov,fyodor smolov,FW,1990-02-09,28,32,12,Krasnodar,,
2018,RUS,Russia,Roman Zobnin,roman zobnin,MF,1994-02-11,24,12,0,Spartak Moscow,,
2018,RUS,Russia,Andrey Lunyov,andrey lunyov,GK,1991-11-13,26,3,0,Zenit Saint Petersburg,,
2018,RUS,Russia,Fyodor Kudryashov,fyodor kudryashov,DF,1987-04-05,31,19,0,Rubin Kazan,,
2018,RUS,Russia,Vladimir Granat,vladimir granat,DF,1987-05-22,31,12,1,Rubin Kazan,,
2018,RUS,Russia,Aleksei Miranchuk,aleksei miranchuk,MF,1995-10-17,22,18,4,Lokomotiv Moscow,,
2018,RUS,Russia,Anton Miranchuk,anton miranchuk,MF,1995-10-17,22,6,0,Lokomotiv Moscow,,
2018,RUS,Russia,Aleksandr Golovin,aleksandr golovin,MF,1996-05-30,22,19,2,CSKA Moscow,,
2018,RUS,Russia,Yuri Zhirkov,yuri zhirkov,MF,1983-08-20,34,84,2,Zenit Saint Petersburg,,
2018,RUS,Russia,Aleksandr Samedov,aleksandr samedov,MF,1984-07-19,33,48,7,Spartak Moscow,,
2018,RUS,Russia,Vladimir Gabulov,vladimir gabulov,GK,1983-10-19,34,10,0,Club Brugge,,
2018,RUS,Russia,Aleksandr Yerokhin,aleksandr yerokhin,MF,1989-10-13,28,17,0,Zenit Saint Petersburg,,
2018,RUS,Russia,Artem Dzyuba,artem dzyuba,FW,1988-08-22,29,23,11,Arsenal Tula,,
2018,RUS,Russia,Igor Smolnikov,igor smolnikov,DF,1988-08-08,29,27,0,Zenit Saint Petersburg,,
2018,KSA,Saudi Arabia,Abdullah Al-Mayouf,abdullah al-mayouf,GK,1987-01-23,31,11,0,Al Hilal,,
2018,KSA,Saudi Arabia,Mansoor Al-Harbi,mansoor al-harbi,DF,1987-10-19,30,40,1,Al Ahli,,
2018,KSA,Saudi Arabia,Osama Hawsawi,osama hawsawi,DF,1984-03-31,34,135,7,Al Hilal,,
2018,KSA,Saudi Arabia,Ali Al-Bulaihi,ali al-bulaihi,DF,1989-11-21,28,4,0,Al Hilal,,
2018,KSA,Saudi Arabia,Omar Hawsawi,omar hawsawi,DF,1985-09-27,32,42,3,Al Nassr,,
2018,KSA,Saudi Arabia,Mohammed Al-Breik,mohammed al-breik,DF,1992-09-15,25,11,1,Al Hilal,,
2018,KSA,Saudi Arabia,Salman Al-Faraj,salman al-faraj,MF,1989-08-01,28,43,3,Al Hilal,,
2018,KSA,Saudi Arabia,Yahya Al-Shehri,yahya al-shehri,MF,1990-06-26,27,57,8,Leganés,,
2018,KSA,Saudi Arabia,Hattan Bahebri,hattan bahebri,MF,1992-07-16,25,5,0,Al Shabab,,
2018,KSA,Saudi Arabia,Mohammad Al-Sahlawi,mohammad al-sahlawi,FW,1987-01-10,31,40,28,Al Nassr,,
2018,KSA,Saudi Arabia,Abdulmalek Al-Khaibri,abdulmalek al-khaibri,MF,1986-03-13,32,36,0,Al Hilal,,
2018,KSA,Saudi Arabia,Mohamed Kanno,mohamed kanno,MF,1994-09-22,23,6,1,Al Hilal,,
2018,KSA,Saudi Arabia,Yasser Al-Shahrani,yasser al-shahrani,DF,1992-05-25,26,37,0,Al Hilal,,
2018,KSA,Saudi Arabia,Abdullah Otayf,abdullah otayf,MF,1992-08-03,25,16,1,Al Hilal,,
2018,KSA,Saudi Arabia,Abdullah Al-Khaibari,abdullah al-khaibari,MF,1996-08-16,21,5,0,Al Shabab,,
2018,KSA,Saudi Arabia,Housain Al-Mogahwi,housain al-mogahwi,MF,1988-03-24,30,18,1,Al Ahli,,
2018,KSA,Saudi Arabia,Taisir Al-Jassim,taisir al-jassim,MF,1984-07-25,33,132,19,Al Ahli,,
2018,KSA,Saudi Arabia,Salem Al-Dawsari,salem al-dawsari,MF,1991-08-19,26,33,4,Villarreal,,
2018,KSA,Saudi Arabia,Fahad Al-Muwallad,fahad al-muwallad,FW,1994-09-14,23,45,10,Levante,,
2018,KSA,Saudi Arabia,Muhannad Assiri,muhannad assiri,FW,1986-10-14,31,18,4,Al Ahli,,
2018,KSA,Saudi Arabia,Yasser Al-Mosailem,yasser al-mosailem,GK,1984-02-27,34,32,0,Al Ahli,,
2018,KSA,Saudi Arabia,Mohammed Al-Owais,mohammed al-owais,GK,1991-10-10,26,6,0,Al Ahli,,
2018,KSA,Saudi Arabia,Motaz Hawsawi,motaz hawsawi,DF,1992-02-17,26,17,0,Al Ahli,,
2018,URU,Uruguay,Fernando Muslera,fernando muslera,GK,1986-06-16,31,97,0,Galatasaray,,
2018,URU,Uruguay,José Giménez,jose gimenez,DF,1995-01-20,23,42,5,Atlético Madrid,,
2018,URU,Uruguay,Diego Godín,diego godin,DF,1986-02-16,32,116,8,Atlético Madrid,,
2018,URU,Uruguay,Guillermo Varela,guillermo varela,DF,1993-03-24,25,3,0,Peñarol,,
2018,URU,Uruguay,Carlos Sánchez,carlos sanchez,MF,1984-12-02,33,36,1,Monterrey,,
2018,URU,Uruguay,Rodrigo Bentancur,rodrigo bentancur,MF,1997-06-25,20,7,0,Juventus,,
2018,URU,Uruguay,Cristian Rodríguez,cristian rodriguez,MF,1985-09-30,32,105,11,Peñarol,,
2018,URU,Uruguay,Nahitan Nández,nahitan nandez,MF,1995-12-28,22,12,0,Boca Juniors,,
2018,URU,Uruguay,Luis Suárez,luis suarez,FW,1987-01-24,31,98,51,Barcelona,,
2018,URU,Uruguay,Giorgian de Arrascaeta,giorgian de arrascaeta,FW,1994-06-01,24,14,2,Cruzeiro,,
2018,URU,Uruguay,Cristhian Stuani,cristhian stuani,FW,1986-10-12,31,41,5,Girona,,
2018,URU,Uruguay,Martín Campaña,martin campana,GK,1989-05-29,29,1,0,Independiente,,
2018,URU,Uruguay,Gastón Silva,gaston silva,DF,1994-03-05,24,17,0,Independiente,,
2018,URU,Uruguay,Lucas Torreira,lucas torreira,MF,1996-02-11,22,3,0,Sampdoria,,
2018,URU,Uruguay,Matías Vecino,matias vecino,MF,1991-08-24,26,22,1,Inter Milan,,
2018,URU,Uruguay,Maxi Pereira,maxi pereira,DF,1984-06-08,34,125,3,Porto,,
2018,URU,Uruguay,Diego Laxalt,diego laxalt,MF,1993-02-07,25,6,0,Genoa,,
2018,URU,Uruguay,Maxi Gómez,maxi gomez,FW,1996-08-14,21,5,0,Celta Vigo,,
2018,URU,Uruguay,Sebastián Coates,sebastian coates,DF,1990-10-07,27,30,1,Sporting CP,,
2018,URU,Uruguay,Jonathan Urretaviscaya,jonathan urretaviscaya,FW,1990-03-19,28,4,0,Monterrey,,
2018,URU,Uruguay,Edinson Cavani,edinson cavani,FW,1987-02-14,31,101,42,Paris Saint-Germain,,
2018,URU,Uruguay,Martín Cáceres,martin caceres,DF,1987-04-07,31,76,4,Lazio,,
2018,URU,Uruguay,Martín Silva,martin silva,GK,1983-03-25,35,11,0,Vasco da Gama,,
2018,IRN,Iran,Alireza Beiranvand,alireza beiranvand,GK,1992-09-21,25,22,0,Persepolis,,
2018,IRN,Iran,Mehdi Torabi,mehdi torabi,MF,1994-09-10,23,17,4,Saipa,,
2018,IRN,Iran,Ehsan Hajsafi,ehsan hajsafi,DF,1990-02-25,28,94,6,Olympiacos,,
2018,IRN,Iran,Rouzbeh Cheshmi,rouzbeh cheshmi,MF,1993-07-24,24,10,1,Esteghlal,,
2018,IRN,Iran,Milad Mohammadi,milad mohammadi,DF,1993-09-29,24,19,0,Akhmat Grozny,,
2018,IRN,Iran,Saeid Ezatolahi,saeid ezatolahi,MF,1996-10-01,21,25,1,Amkar Perm,,
2018,IRN,Iran,Masoud Shojaei,masoud shojaei,MF,1984-06-09,34,74,8,AEK Athens,,
2018,IRN,Iran,Morteza Pouraliganji,morteza pouraliganji,DF,1992-04-19,26,27,2,Al Sadd,,
2018,IRN,Iran,Omid Ebrahimi,omid ebrahimi,MF,1987-09-16,30,30,0,Esteghlal,,
2018,IRN,Iran,Karim Ansarifard,karim ansarifard,FW,1990-04-03,28,64,17,Olympiacos,,
2018,IRN,Iran,Vahid Amiri,vahid amiri,MF,1988-04-02,30,36,1,Persepolis,,
2018,IRN,Iran,Mohammad Rashid Mazaheri,mohammad rashid mazaheri,GK,1989-05-18,29,3,0,Zob Ahan,,
2018,IRN,Iran,Mohammad Reza Khanzadeh,mohammad reza khanzadeh,DF,1991-05-11,27,11,1,Padideh,,
2018,IRN,Iran,Saman Ghoddos,saman ghoddos,MF,1993-09-06,24,8,1,Östersund,,
2018,IRN,Iran,Pejman Montazeri,pejman montazeri,DF,1983-09-06,34,46,1,Esteghlal,,
2018,IRN,Iran,Reza Ghoochannejhad,reza ghoochannejhad,FW,1987-09-20,30,43,17,Heerenveen,,
2018,IRN,Iran,Mehdi Taremi,mehdi taremi,FW,1992-07-18,25,26,11,Al-Gharafa,,
2018,IRN,Iran,Alireza Jahanbakhsh,alireza jahanbakhsh,FW,1993-08-11,24,38,4,AZ,,
2018,IRN,Iran,Majid Hosseini,majid hosseini,DF,1996-06-20,21,1,0,Esteghlal,,
2018,IRN,Iran,Sardar Azmoun,sardar azmoun,FW,1995-01-01,23,33,23,Rubin Kazan,,
2018,IRN,Iran,Ashkan Dejagah,ashkan dejagah,MF,1986-07-05,31,46,9,Nottingham Forest,,
2018,IRN,Iran,Amir Abedzadeh,amir abedzadeh,GK,1993-04-26,25,1,0,Marítimo,,
2018,IRN,Iran,Ramin Rezaeian,ramin rezaeian,DF,1990-03-21,28,28,2,Oostende,,
2018,MAR,Morocco,Yassine Bounou,yassine bounou,GK,1991-04-05,27,11,0,Girona,,
2018,MAR,Morocco,Achraf Hakimi,achraf hakimi,DF,1998-11-04,19,10,1,Real Madrid,,
2018,MAR,Morocco,Hamza Mendyl,hamza mendyl,DF,1997-10-21,20,13,0,Lille,,
2018,MAR,Morocco,Manuel da Costa,manuel da costa,DF,1986-05-06,32,28,1,İstanbul Başakşehir,,
2018,MAR,Morocco,Medhi Benatia,medhi benatia,DF,1987-04-17,31,57,2,Juventus,,
2018,MAR,Morocco,Romain Saïss,romain saiss,DF,1990-03-26,28,24,1,Wolverhampton Wanderers,,
2018,MAR,Morocco,Hakim Ziyech,hakim ziyech,MF,1993-03-19,25,18,9,Ajax,,
2018,MAR,Morocco,Karim El Ahmadi,karim el ahmadi,MF,1985-01-27,33,51,1,Feyenoord,,
2018,MAR,Morocco,Ayoub El Kaabi,ayoub el kaabi,FW,1993-06-25,24,10,11,RS Berkane,,
2018,MAR,Morocco,Younès Belhanda,younes belhanda,MF,1990-02-25,28,47,5,Galatasaray,,
2018,MAR,Morocco,Fayçal Fajr,faycal fajr,MF,1988-08-01,29,23,2,Getafe,,
2018,MAR,Morocco,Munir Mohamedi,munir mohamedi,GK,1989-05-10,29,27,0,Numancia,,
2018,MAR,Morocco,Khalid Boutaïb,khalid boutaib,FW,1987-04-24,31,18,7,Yeni Malatyaspor,,
2018,MAR,Morocco,Mbark Boussoufa,mbark boussoufa,MF,1984-08-15,33,59,7,Al Jazira,,
2018,MAR,Morocco,Youssef Aït Bennasser,youssef ait bennasser,MF,1996-07-07,21,14,0,Caen,,
2018,MAR,Morocco,Nordin Amrabat,nordin amrabat,MF,1987-03-31,31,44,4,Leganés,,
2018,MAR,Morocco,Nabil Dirar,nabil dirar,DF,1986-02-25,32,34,3,Fenerbahçe,,
2018,MAR,Morocco,Amine Harit,amine harit,MF,1997-06-18,20,6,0,Schalke 04,,
2018,MAR,Morocco,Youssef En-Nesyri,youssef en-nesyri,FW,1997-06-01,21,16,2,Málaga,,
2018,MAR,Morocco,Aziz Bouhaddouz,aziz bouhaddouz,FW,1987-03-30,31,15,3,FC St. Pauli,,
2018,MAR,Morocco,Sofyan Amrabat,sofyan amrabat,MF,1996-08-21,21,6,0,Feyenoord,,
2018,MAR,Morocco,Ahmed Reda Tagnaouti,ahmed reda tagnaouti,GK,1996-04-05,22,2,0,IR Tanger,,
2018,MAR,Morocco,Mehdi Carcela,mehdi carcela,MF,1989-07-01,28,20,1,Standard Liège,,
2018,POR,Portugal,Rui Patrício,rui patricio,GK,1988-02-15,30,69,0,Sporting CP,,
2018,POR,Portugal,Bruno Alves,bruno alves,DF,1981-11-27,36,96,11,Rangers,,
2018,POR,Portugal,Pepe,pepe,DF,1983-02-26,35,95,5,Beşiktaş,,
2018,POR,Portugal,Manuel Fernandes,manuel fernandes,MF,1986-02-05,32,14,3,Lokomotiv Moscow,,
2018,POR,Portugal,Raphaël Guerreiro,raphael guerreiro,DF,1993-12-22,24,24,2,Borussia Dortmund,,
2018,POR,Portugal,José Fonte,jose fonte,DF,1983-12-22,34,31,0,Dalian Yifang,,
2018,POR,Portugal,Cristiano Ronaldo,cristiano ronaldo,FW,1985-02-05,33,150,81,Real Madrid,,
2018,POR,Portugal,João Moutinho,joao moutinho,MF,1986-09-08,31,110,7,Monaco,,
2018,POR,Portugal,André Silva,andre silva,FW,1995-11-06,22,23,12,Milan,,
2018,POR,Portugal,João Mário,joao mario,MF,1993-01-19,25,36,2,West Ham United,,
2018,POR,Portugal,Bernardo Silva,bernardo silva,MF,1994-08-10,23,25,2,Manchester City,,
2018,POR,Portugal,Anthony Lopes,anthony lopes,GK,1990-10-01,27,7,0,Lyon,,
2018,POR,Portugal,Rúben Dias,ruben dias,DF,1997-05-14,21,1,0,Benfica,,
2018,POR,Portugal,William Carvalho,william carvalho,MF,1992-04-07,26,43,2,Sporting CP,,
2018,POR,Portugal,Ricardo Pereira,ricardo pereira,DF,1993-10-06,24,4,0,Porto,,
2018,POR,Portugal,Bruno Fernandes,bruno fernandes,MF,1994-09-08,23,6,1,Sporting CP,,
2018,POR,Portugal,Gonçalo Guedes,goncalo guedes,FW,1996-11-29,21,10,3,Valencia,,
2018,POR,Portugal,Gelson Martins,gelson martins,FW,1995-05-11,23,18,0,Sporting CP,,
2018,POR,Portugal,Mário Rui,mario rui,DF,1991-05-27,27,4,0,Napoli,,
2018,POR,Portugal,Ricardo Quaresma,ricardo quaresma,FW,1983-09-26,34,77,9,Beşiktaş,,
2018,POR,Portugal,Cédric,cedric,DF,1991-08-31,26,29,1,Southampton,,
2018,POR,Portugal,Beto,beto,GK,1982-05-01,36,14,0,Göztepe,,
2018,POR,Portugal,Adrien Silva,adrien silva,MF,1989-03-15,29,23,1,Leicester City,,
2018,ESP,Spain,David de Gea,david de gea,GK,1990-11-07,27,29,0,Manchester United,,
2018,ESP,Spain,Dani Carvajal,dani carvajal,DF,1992-01-11,26,15,0,Real Madrid,,
2018,ESP,Spain,Gerard Piqué,gerard pique,DF,1987-02-02,31,98,5,Barcelona,,
2018,ESP,Spain,Nacho,nacho,DF,1990-01-18,28,17,0,Real Madrid,,
2018,ESP,Spain,Sergio Busquets,sergio busquets,MF,1988-07-16,29,103,2,Barcelona,,
2018,ESP,Spain,Andrés Iniesta,andres iniesta,MF,1984-05-11,34,127,14,Barcelona,,
2018,ESP,Spain,Saúl,saul,MF,1994-11-21,23,10,0,Atlético Madrid,,
2018,ESP,Spain,Koke,koke,MF,1992-01-08,26,40,0,Atlético Madrid,,
2018,ESP,Spain,Rodrigo,rodrigo,FW,1991-03-06,27,6,2,Valencia,,
2018,ESP,Spain,Thiago,thiago,MF,1991-04-11,27,29,2,Bayern Munich,,
2018,ESP,Spain,Lucas Vázquez,lucas vazquez,FW,1991-07-01,26,7,0,Real Madrid,,
2018,ESP,Spain,Álvaro Odriozola,alvaro odriozola,DF,1995-12-14,22,4,1,Real Sociedad,,
2018,ESP,Spain,Kepa Arrizabalaga,kepa arrizabalaga,GK,1994-10-03,23,1,0,Athletic Bilbao,,
2018,ESP,Spain,César Azpilicueta,cesar azpilicueta,DF,1989-08-28,28,22,0,Chelsea,,
2018,ESP,Spain,Sergio Ramos,sergio ramos,DF,1986-03-30,32,152,13,Real Madrid,,
2018,ESP,Spain,Nacho Monreal,nacho monreal,DF,1986-02-26,32,22,1,Arsenal,,
2018,ESP,Spain,Iago Aspas,iago aspas,FW,1987-08-01,30,10,5,Celta Vigo,,
2018,ESP,Spain,Jordi Alba,jordi alba,DF,1989-03-21,29,62,8,Barcelona,,
2018,ESP,Spain,Diego Costa,diego costa,FW,1988-10-07,29,20,7,Atlético Madrid,,
2018,ESP,Spain,Marco Asensio,marco asensio,MF,1996-01-21,22,12,0,Real Madrid,,
2018,ESP,Spain,David Silva,david silva,FW,1986-01-08,32,121,35,Manchester City,,
2018,ESP,Spain,Isco,isco,MF,1992-04-21,26,28,10,Real Madrid,,
2018,ESP,Spain,Pepe Reina,pepe reina,GK,1982-08-31,35,36,0,Napoli,,
2018,AUS,Australia,Mathew Ryan,mathew ryan,GK,1992-04-08,26,44,0,Brighton & Hove Albion,,
2018,AUS,Australia,Miloš Degenek,milos degenek,DF,1994-04-28,24,18,0,Yokohama F. Marinos,,
2018,AUS,Australia,James Meredith,james meredith,DF,1988-04-05,30,2,0,Millwall,,
2018,AUS,Australia,Tim Cahill,tim cahill,FW,1979-12-06,38,106,50,Millwall,,
2018,AUS,Australia,Mark Milligan,mark milligan,DF,1985-08-04,32,71,6,Al Ahli,,
2018,AUS,Australia,Matthew Jurman,matthew jurman,DF,1989-12-08,28,4,0,Suwon Samsung Bluewings,,
2018,AUS,Australia,Mathew Leckie,mathew leckie,FW,1991-02-04,27,53,8,Hertha BSC,,
2018,AUS,Australia,Massimo Luongo,massimo luongo,MF,1992-09-25,25,36,5,Queens Park Rangers,,
2018,AUS,Australia,Tomi Juric,tomi juric,FW,1991-07-22,26,35,8,Luzern,,
2018,AUS,Australia,Robbie Kruse,robbie kruse,FW,1988-10-05,29,64,5,VfL Bochum,,
2018,AUS,Australia,Andrew Nabbout,andrew nabbout,FW,1992-12-17,25,4,1,Urawa Red Diamonds,,
2018,AUS,Australia,Brad Jones,brad jones,GK,1982-03-19,36,6,0,Feyenoord,,
2018,AUS,Australia,Aaron Mooy,aaron mooy,MF,1990-09-15,27,34,5,Huddersfield Town,,
2018,AUS,Australia,Jamie Maclaren,jamie maclaren,FW,1993-07-29,24,6,0,Hibernian,,
2018,AUS,Australia,Mile Jedinak,mile jedinak,MF,1984-08-03,33,76,18,Aston Villa,,
2018,AUS,Australia,Aziz Behich,aziz behich,DF,1990-12-16,27,23,2,Bursaspor,,
2018,AUS,Australia,Daniel Arzani,daniel arzani,FW,1999-01-04,19,2,1,Melbourne City,,
2018,AUS,Australia,Danny Vukovic,danny vukovic,GK,1985-03-27,33,1,0,Genk,,
2018,AUS,Australia,Josh Risdon,josh risdon,DF,1992-07-27,25,8,0,Western Sydney Wanderers,,
2018,AUS,Australia,Trent Sainsbury,trent sainsbury,DF,1992-01-05,26,35,3,Grasshopper,,
2018,AUS,Australia,Dimitri Petratos,dimitri petratos,FW,1992-11-10,25,2,0,Newcastle Jets,,
2018,AUS,Australia,Jackson Irvine,jackson irvine,MF,1993-03-07,25,19,2,Hull City,,
2018,AUS,Australia,Tom Rogic,tom rogic,MF,1992-12-16,25,37,7,Celtic,,
2018,DEN,Denmark,Kasper Schmeichel,kasper schmeichel,GK,1986-11-05,31,35,0,Leicester City,,
2018,DEN,Denmark,Michael Krohn-Dehli,michael krohn-dehli,MF,1983-06-06,35,59,6,Deportivo La Coruña,,
2018,DEN,Denmark,Jannik Vestergaard,jannik vestergaard,DF,1992-08-03,25,16,1,Borussia Mönchengladbach,,
2018,DEN,Denmark,Simon Kjær,simon kjr,DF,1989-03-26,29,78,3,Sevilla,,
2018,DEN,Denmark,Jonas Knudsen,jonas knudsen,DF,1992-09-16,25,3,0,Ipswich Town,,
2018,DEN,Denmark,Andreas Christensen,andreas christensen,DF,1996-04-10,22,16,1,Chelsea,,
2018,DEN,Denmark,William Kvist,william kvist,MF,1985-02-24,33,80,2,Copenhagen,,
2018,DEN,Denmark,Thomas Delaney,thomas delaney,MF,1991-09-03,26,27,4,Werder Bremen,,
2018,DEN,Denmark,Nicolai Jørgensen,nicolai jrgensen,FW,1991-01-15,27,31,8,Feyenoord,,
2018,DEN,Denmark,Christian Eriksen,christian eriksen,MF,1992-02-14,26,78,22,Tottenham Hotspur,,
2018,DEN,Denmark,Martin Braithwaite,martin braithwaite,FW,1991-06-05,27,20,1,Bordeaux,,
2018,DEN,Denmark,Kasper Dolberg,kasper dolberg,FW,1997-10-06,20,6,1,Ajax,,
2018,DEN,Denmark,Mathias Jørgensen,mathias jrgensen,DF,1990-04-23,28,12,0,Huddersfield Town,,
2018,DEN,Denmark,Henrik Dalsgaard,henrik dalsgaard,DF,1989-07-27,28,11,0,Brentford,,
2018,DEN,Denmark,Viktor Fischer,viktor fischer,FW,1994-06-09,24,19,3,Copenhagen,,
2018,DEN,Denmark,Jonas Lössl,jonas lossl,GK,1989-02-01,29,1,0,Huddersfield Town,,
2018,DEN,Denmark,Jens Stryger Larsen,jens stryger larsen,DF,1991-02-21,27,13,1,Udinese,,
2018,DEN,Denmark,Lukas Lerager,lukas lerager,MF,1993-07-12,24,4,0,Bordeaux,,
2018,DEN,Denmark,Lasse Schöne,lasse schone,MF,1986-05-27,32,36,3,Ajax,,
2018,DEN,Denmark,Yussuf Poulsen,yussuf poulsen,FW,1994-06-15,23,28,4,RB Leipzig,,
2018,DEN,Denmark,Andreas Cornelius,andreas cornelius,FW,1993-03-16,25,18,4,Atalanta,,
2018,DEN,Denmark,Frederik Rønnow,frederik rnnow,GK,1992-08-04,25,6,0,Brøndby,,
2018,DEN,Denmark,Pione Sisto,pione sisto,FW,1995-02-04,23,14,1,Celta Vigo,,
2018,FRA,France,Hugo Lloris,hugo lloris,GK,1986-12-26,31,98,0,Tottenham Hotspur,,
2018,FRA,France,Benjamin Pavard,benjamin pavard,DF,1996-03-28,22,6,0,VfB Stuttgart,,
2018,FRA,France,Presnel Kimpembe,presnel kimpembe,DF,1995-08-13,22,2,0,Paris Saint-Germain,,
2018,FRA,France,Raphaël Varane,raphael varane,DF,1993-04-25,25,42,2,Real Madrid,,
2018,FRA,France,Samuel Umtiti,samuel umtiti,DF,1993-11-14,24,19,2,Barcelona,,
2018,FRA,France,Paul Pogba,paul pogba,MF,1993-03-15,25,54,9,Manchester United,,
2018,FRA,France,Antoine Griezmann,antoine griezmann,FW,1991-03-21,27,54,20,Atlético Madrid,,
2018,FRA,France,Thomas Lemar,thomas lemar,FW,1995-11-12,22,12,3,Monaco,,
2018,FRA,France,Olivier Giroud,olivier giroud,FW,1986-09-30,31,74,31,Chelsea,,
2018,FRA,France,Kylian Mbappé,kylian mbappe,FW,1998-12-20,19,15,4,Paris Saint-Germain,,
2018,FRA,France,Ousmane Dembélé,ousmane dembele,FW,1997-05-15,21,12,2,Barcelona,,
2018,FRA,France,Corentin Tolisso,corentin tolisso,MF,1994-08-03,23,9,0,Bayern Munich,,
2018,FRA,France,N'Golo Kanté,n'golo kante,MF,1991-03-29,27,24,1,Chelsea,,
2018,FRA,France,Blaise Matuidi,blaise matuidi,MF,1987-04-09,31,67,9,Juventus,,
2018,FRA,France,Steven Nzonzi,steven nzonzi,MF,1988-12-15,29,4,0,Sevilla,,
2018,FRA,France,Steve Mandanda,steve mandanda,GK,1985-03-28,33,27,0,Marseille,,
2018,FRA,France,Adil Rami,adil rami,DF,1985-12-27,32,35,1,Marseille,,
2018,FRA,France,Nabil Fekir,nabil fekir,FW,1993-07-18,24,12,2,Lyon,,
2018,FRA,France,Djibril Sidibé,djibril sidibe,DF,1992-07-29,25,17,1,Monaco,,
2018,FRA,France,Florian Thauvin,florian thauvin,FW,1993-01-26,25,4,0,Marseille,,
2018,FRA,France,Lucas Hernandez,lucas hernandez,DF,1996-02-14,22,5,0,Atlético Madrid,,
2018,FRA,France,Benjamin Mendy,benjamin mendy,DF,1994-07-17,23,7,0,Manchester City,,
2018,FRA,France,Alphonse Areola,alphonse areola,GK,1993-02-27,25,0,0,Paris Saint-Germain,,
2018,PER,Peru,Pedro Gallese,pedro gallese,GK,1990-02-23,28,38,0,Veracruz,,
2018,PER,Peru,Alberto Rodríguez,alberto rodriguez,DF,1984-03-31,34,74,0,Atlético Junior,,
2018,PER,Peru,Aldo Corzo,aldo corzo,DF,1989-05-20,29,26,0,Universitario,,
2018,PER,Peru,Anderson Santamaría,anderson santamaria,DF,1992-01-10,26,4,0,Puebla,,
2018,PER,Peru,Miguel Araujo,miguel araujo,DF,1994-10-24,23,8,0,Alianza Lima,,
2018,PER,Peru,Miguel Trauco,miguel trauco,DF,1992-08-25,25,27,0,Flamengo,,
2018,PER,Peru,Paolo Hurtado,paolo hurtado,MF,1990-07-27,27,33,3,Vitória de Guimarães,,
2018,PER,Peru,Christian Cueva,christian cueva,MF,1991-11-23,26,46,8,São Paulo,,
2018,PER,Peru,Paolo Guerrero,paolo guerrero,FW,1984-01-01,34,88,34,Flamengo,,
2018,PER,Peru,Jefferson Farfán,jefferson farfan,FW,1984-10-26,33,84,25,Lokomotiv Moscow,,
2018,PER,Peru,Raúl Ruidíaz,raul ruidiaz,FW,1990-07-25,27,30,4,Morelia,,
2018,PER,Peru,Carlos Cáceda,carlos caceda,GK,1991-09-27,26,6,0,Deportivo Municipal,,
2018,PER,Peru,Renato Tapia,renato tapia,MF,1995-07-28,22,33,3,Feyenoord,,
2018,PER,Peru,Andy Polo,andy polo,MF,1994-09-29,23,17,1,Portland Timbers,,
2018,PER,Peru,Christian Ramos,christian ramos,DF,1988-11-04,29,68,3,Veracruz,,
2018,PER,Peru,Wilder Cartagena,wilder cartagena,MF,1994-09-23,23,3,0,Veracruz,,
2018,PER,Peru,Luis Advíncula,luis advincula,DF,1990-03-02,28,67,0,Lobos BUAP,,
2018,PER,Peru,André Carrillo,andre carrillo,FW,1991-06-14,27,46,5,Watford,,
2018,PER,Peru,Yoshimar Yotún,yoshimar yotun,MF,1990-04-07,28,74,2,Orlando City SC,,
2018,PER,Peru,Edison Flores,edison flores,FW,1994-05-14,24,30,9,AaB,,
2018,PER,Peru,José Carvallo,jose carvallo,GK,1986-03-01,32,6,0,UTC,,
2018,PER,Peru,Nilson Loyola,nilson loyola,DF,1994-10-26,23,3,0,Melgar,,
2018,PER,Peru,Pedro Aquino,pedro aquino,MF,1995-04-13,23,14,0,Lobos BUAP,,
2018,ARG,Argentina,Nahuel Guzmán,nahuel guzman,GK,1986-02-10,32,6,0,UANL,,
2018,ARG,Argentina,Gabriel Mercado,gabriel mercado,DF,1987-03-18,31,20,3,Sevilla,,
2018,ARG,Argentina,Nicolás Tagliafico,nicolas tagliafico,DF,1992-08-31,25,4,0,Ajax,,
2018,ARG,Argentina,Cristian Ansaldi,cristian ansaldi,DF,1986-09-20,31,5,0,Torino,,
2018,ARG,Argentina,Lucas Biglia,lucas biglia,MF,1986-01-30,32,57,1,Milan,,
2018,ARG,Argentina,Federico Fazio,federico fazio,DF,1987-03-17,31,9,1,Roma,,
2018,ARG,Argentina,Éver Banega,ever banega,MF,1988-06-29,29,62,6,Sevilla,,
2018,ARG,Argentina,Marcos Acuña,marcos acuna,DF,1991-10-28,26,10,0,Sporting CP,,
2018,ARG,Argentina,Gonzalo Higuaín,gonzalo higuain,FW,1987-12-10,30,71,31,Juventus,,
2018,ARG,Argentina,Lionel Messi,lionel messi,FW,1987-06-24,30,124,64,Barcelona,,
2018,ARG,Argentina,Ángel Di María,angel di maria,MF,1988-02-14,30,94,19,Paris Saint-Germain,,
2018,ARG,Argentina,Franco Armani,franco armani,GK,1986-10-16,31,0,0,River Plate,,
2018,ARG,Argentina,Maximiliano Meza,maximiliano meza,MF,1992-12-15,25,2,0,Independiente,,
2018,ARG,Argentina,Javier Mascherano,javier mascherano,DF,1984-06-08,34,143,3,Hebei China Fortune,,
2018,ARG,Argentina,Enzo Pérez,enzo perez,MF,1986-02-22,32,23,1,River Plate,,
2018,ARG,Argentina,Marcos Rojo,marcos rojo,DF,1990-03-20,28,56,2,Manchester United,,
2018,ARG,Argentina,Nicolás Otamendi,nicolas otamendi,DF,1988-02-12,30,54,4,Manchester City,,
2018,ARG,Argentina,Eduardo Salvio,eduardo salvio,FW,1990-07-13,27,9,0,Benfica,,
2018,ARG,Argentina,Sergio Agüero,sergio aguero,FW,1988-06-02,30,85,37,Manchester City,,
2018,ARG,Argentina,Giovani Lo Celso,giovani lo celso,MF,1996-04-09,22,5,0,Paris Saint-Germain,,
2018,ARG,Argentina,Paulo Dybala,paulo dybala,FW,1993-11-15,24,12,0,Juventus,,
2018,ARG,Argentina,Cristian Pavón,cristian pavon,MF,1996-01-21,22,5,0,Boca Juniors,,
2018,ARG,Argentina,Willy Caballero,willy caballero,GK,1981-09-28,36,3,0,Chelsea,,
2018,CRO,Croatia,Dominik Livaković,dominik livakovic,GK,1995-01-09,23,1,0,Dinamo Zagreb,,
2018,CRO,Croatia,Šime Vrsaljko,sime vrsaljko,DF,1992-01-10,26,35,0,Atlético Madrid,,
2018,CRO,Croatia,Ivan Strinić,ivan strinic,DF,1987-07-17,30,43,0,Sampdoria,,
2018,CRO,Croatia,Ivan Perišić,ivan perisic,FW,1989-02-02,29,66,18,Inter Milan,,
2018,CRO,Croatia,Vedran Ćorluka,vedran corluka,DF,1986-02-05,32,99,4,Lokomotiv Moscow,,
2018,CRO,Croatia,Dejan Lovren,dejan lovren,DF,1989-07-05,28,39,2,Liverpool,,
2018,CRO,Croatia,Ivan Rakitić,ivan rakitic,MF,1988-03-10,30,92,14,Barcelona,,
2018,CRO,Croatia,Mateo Kovačić,mateo kovacic,MF,1994-05-06,24,41,1,Real Madrid,,
2018,CRO,Croatia,Andrej Kramarić,andrej kramaric,FW,1991-06-19,26,31,9,1899 Hoffenheim,,
2018,CRO,Croatia,Luka Modrić,luka modric,MF,1985-09-09,32,106,12,Real Madrid,,
2018,CRO,Croatia,Marcelo Brozović,marcelo brozovic,MF,1992-11-16,25,35,6,Inter Milan,,
2018,CRO,Croatia,Lovre Kalinić,lovre kalinic,GK,1990-04-03,28,11,0,Gent,,
2018,CRO,Croatia,Tin Jedvaj,tin jedvaj,DF,1995-11-28,22,12,0,Bayer Leverkusen,,
2018,CRO,Croatia,Filip Bradarić,filip bradaric,MF,1992-01-11,26,4,0,Rijeka,,
2018,CRO,Croatia,Duje Ćaleta-Car,duje caleta-car,DF,1996-09-17,21,1,0,Red Bull Salzburg,,
2018,CRO,Croatia,Nikola Kalinić,nikola kalinic,FW,1988-01-05,30,42,15,Milan,,
2018,CRO,Croatia,Mario Mandžukić,mario mandzukic,FW,1986-05-21,32,83,30,Juventus,,
2018,CRO,Croatia,Ante Rebić,ante rebic,FW,1993-09-21,24,16,1,Eintracht Frankfurt,,
2018,CRO,Croatia,Milan Badelj,milan badelj,MF,1989-02-25,29,38,1,Fiorentina,,
2018,CRO,Croatia,Marko Pjaca,marko pjaca,FW,1995-05-06,23,16,1,Schalke 04,,
2018,CRO,Croatia,Domagoj Vida,domagoj vida,DF,1989-04-29,29,59,2,Beşiktaş,,
2018,CRO,Croatia,Josip Pivarić,josip pivaric,DF,1989-01-30,29,19,0,Dynamo Kyiv,,
2018,CRO,Croatia,Danijel Subašić,danijel subasic,GK,1984-10-27,33,38,0,Monaco,,
2018,ISL,Iceland,Hannes Þór Halldórsson,hannes or halldorsson,GK,1984-04-27,34,49,0,Randers,,
2018,ISL,Iceland,Birkir Már Sævarsson,birkir mar svarsson,DF,1984-11-11,33,79,1,Valur,,
2018,ISL,Iceland,Samúel Friðjónsson,samuel frijonsson,MF,1996-02-22,22,4,0,Vålerenga,,
2018,ISL,Iceland,Albert Guðmundsson,albert gumundsson,MF,1997-06-15,20,5,3,PSV Eindhoven,,
2018,ISL,Iceland,Sverrir Ingi Ingason,sverrir ingi ingason,DF,1993-08-05,24,20,3,Rostov,,
2018,ISL,Iceland,Ragnar Sigurðsson,ragnar sigursson,DF,1986-06-19,31,77,3,Rostov,,
2018,ISL,Iceland,Jóhann Berg Guðmundsson,johann berg gumundsson,MF,1990-10-27,27,67,7,Burnley,,
2018,ISL,Iceland,Birkir Bjarnason,birkir bjarnason,MF,1988-05-27,30,67,9,Aston Villa,,
2018,ISL,Iceland,Björn Bergmann Sigurðarson,bjorn bergmann sigurarson,FW,1991-02-26,27,12,1,Rostov,,
2018,ISL,Iceland,Gylfi Sigurðsson,gylfi sigursson,MF,1989-09-08,28,57,19,Everton,,
2018,ISL,Iceland,Alfreð Finnbogason,alfre finnbogason,FW,1989-02-01,29,47,13,FC Augsburg,,
2018,ISL,Iceland,Frederik Schram,frederik schram,GK,1995-01-19,23,4,0,Roskilde,,
2018,ISL,Iceland,Rúnar Alex Rúnarsson,runar alex runarsson,GK,1995-02-18,23,3,0,Nordsjælland,,
2018,ISL,Iceland,Kári Árnason,kari arnason,DF,1982-10-13,35,67,5,Aberdeen,,
2018,ISL,Iceland,Hólmar Örn Eyjólfsson,holmar orn eyjolfsson,DF,1990-08-06,27,10,1,Levski Sofia,,
2018,ISL,Iceland,Ólafur Ingi Skúlason,olafur ingi skulason,MF,1983-04-01,35,36,1,Kardemir Karabükspor,,
2018,ISL,Iceland,Aron Gunnarsson,aron gunnarsson,MF,1989-04-22,29,77,2,Cardiff City,,
2018,ISL,Iceland,Hörður Björgvin Magnússon,horur bjorgvin magnusson,DF,1993-02-11,25,16,2,Bristol City,,
2018,ISL,Iceland,Rúrik Gíslason,rurik gislason,MF,1988-02-25,30,47,3,SV Sandhausen,,
2018,ISL,Iceland,Emil Hallfreðsson,emil hallfresson,MF,1984-06-29,33,64,1,Udinese,,
2018,ISL,Iceland,Arnór Ingvi Traustason,arnor ingvi traustason,MF,1993-04-30,25,19,5,Malmö FF,,
2018,ISL,Iceland,Jón Daði Böðvarsson,jon dai bovarsson,FW,1992-05-25,26,38,2,Reading,,
2018,ISL,Iceland,Ari Freyr Skúlason,ari freyr skulason,DF,1987-05-14,31,56,0,Lokeren,,
2018,NGA,Nigeria,Ikechukwu Ezenwa,ikechukwu ezenwa,GK,1988-10-16,29,24,0,Enyimba,,
2018,NGA,Nigeria,Brian Idowu,brian idowu,DF,1992-05-18,26,5,1,Amkar Perm,,
2018,NGA,Nigeria,Elderson Echiéjilé,elderson echiejile,DF,1988-01-20,30,62,3,Cercle Brugge,,
2018,NGA,Nigeria,Wilfred Ndidi,wilfred ndidi,MF,1996-12-16,21,17,0,Leicester City,,
2018,NGA,Nigeria,William Troost-Ekong,william troost-ekong,DF,1993-09-01,24,22,1,Bursaspor,,
2018,NGA,Nigeria,Leon Balogun,leon balogun,DF,1988-06-28,29,19,0,Mainz 05,,
2018,NGA,Nigeria,Ahmed Musa,ahmed musa,FW,1992-10-14,25,72,13,CSKA Moscow,,
2018,NGA,Nigeria,Peter Etebo,peter etebo,MF,1995-11-09,22,14,1,Las Palmas,,
2018,NGA,Nigeria,Odion Ighalo,odion ighalo,FW,1989-06-16,28,19,4,Changchun Yatai,,
2018,NGA,Nigeria,John Obi Mikel,john obi mikel,MF,1987-04-22,31,85,6,Tianjin TEDA,,
2018,NGA,Nigeria,Victor Moses,victor moses,FW,1990-12-12,27,34,11,Chelsea,,
2018,NGA,Nigeria,Shehu Abdullahi,shehu abdullahi,DF,1993-03-12,25,25,0,Bursaspor,,
2018,NGA,Nigeria,Simeon Nwankwo,simeon nwankwo,FW,1992-05-07,26,2,0,Crotone,,
2018,NGA,Nigeria,Kelechi Iheanacho,kelechi iheanacho,FW,1996-03-10,22,18,8,Leicester City,,
2018,NGA,Nigeria,Joel Obi,joel obi,MF,1991-05-22,27,17,0,Torino,,
2018,NGA,Nigeria,Daniel Akpeyi,daniel akpeyi,GK,1986-03-08,32,7,0,Chippa United,,
2018,NGA,Nigeria,Ogenyi Onazi,ogenyi onazi,MF,1992-12-25,25,52,1,Trabzonspor,,
2018,NGA,Nigeria,Alex Iwobi,alex iwobi,FW,1996-05-03,22,19,5,Arsenal,,
2018,NGA,Nigeria,John Ogu,john ogu,MF,1988-04-20,30,20,2,Hapoel Be'er Sheva,,
2018,NGA,Nigeria,Chidozie Awaziem,chidozie awaziem,DF,1997-01-01,21,4,0,Nantes,,
2018,NGA,Nigeria,Tyronne Ebuehi,tyronne ebuehi,DF,1995-12-16,22,7,0,ADO Den Haag,,
2018,NGA,Nigeria,Kenneth Omeruo,kenneth omeruo,DF,1993-10-17,24,39,0,Kasımpaşa,,
2018,NGA,Nigeria,Francis Uzoho,francis uzoho,GK,1998-10-28,19,6,0,Deportivo La Coruña,,
2018,BRA,Brazil,Alisson,alisson,GK,1992-10-02,25,26,0,Roma,,
2018,BRA,Brazil,Thiago Silva,thiago silva,DF,1984-09-22,33,71,5,Paris Saint-Germain,,
2018,BRA,Brazil,Miranda,miranda,DF,1984-09-07,33,47,2,Inter Milan,,
2018,BRA,Brazil,Pedro Geromel,pedro geromel,DF,1985-09-21,32,2,0,Grêmio,,
2018,BRA,Brazil,Casemiro,casemiro,MF,1992-02-23,26,24,0,Real Madrid,,
2018,BRA,Brazil,Filipe Luís,filipe luis,DF,1985-08-09,32,33,2,Atlético Madrid,,
2018,BRA,Brazil,Douglas Costa,douglas costa,FW,1990-09-14,27,25,3,Juventus,,
2018,BRA,Brazil,Renato Augusto,renato augusto,MF,1988-02-08,30,28,5,Beijing Sinobo Guoan,,
2018,BRA,Brazil,Gabriel Jesus,gabriel jesus,FW,1997-04-03,21,17,10,Manchester City,,
2018,BRA,Brazil,Neymar,neymar,FW,1992-02-05,26,85,55,Paris Saint-Germain,,
2018,BRA,Brazil,Philippe Coutinho,philippe coutinho,MF,1992-06-12,26,37,10,Barcelona,,
2018,BRA,Brazil,Marcelo,marcelo,DF,1988-05-12,30,54,6,Real Madrid,,
2018,BRA,Brazil,Marquinhos,marquinhos,DF,1994-05-14,24,26,0,Paris Saint-Germain,,
2018,BRA,Brazil,Danilo,danilo,DF,1991-07-15,26,18,0,Manchester City,,
2018,BRA,Brazil,Paulinho,paulinho,MF,1988-07-25,29,50,12,Barcelona,,
2018,BRA,Brazil,Cássio,cassio,GK,1987-06-06,31,1,0,Corinthians,,
2018,BRA,Brazil,Fernandinho,fernandinho,MF,1985-05-04,33,44,2,Manchester City,,
2018,BRA,Brazil,Fred,fred,MF,1993-03-05,25,8,0,Shakhtar Donetsk,,
2018,BRA,Brazil,Willian,willian,MF,1988-08-09,29,57,8,Chelsea,,
2018,BRA,Brazil,Roberto Firmino,roberto firmino,FW,1991-10-02,26,21,7,Liverpool,,
2018,BRA,Brazil,Taison,taison,FW,1988-01-13,30,8,1,Shakhtar Donetsk,,
2018,BRA,Brazil,Fagner,fagner,DF,1989-06-11,29,4,0,Corinthians,,
2018,BRA,Brazil,Ederson,ederson,GK,1993-08-17,24,1,0,Manchester City,,
2018,CRC,Costa Rica,Keylor Navas,keylor navas,GK,1986-12-15,31,81,0,Real Madrid,,
2018,CRC,Costa Rica,Jhonny Acosta,jhonny acosta,DF,1983-07-21,34,69,2,Águilas Doradas,,
2018,CRC,Costa Rica,Giancarlo González,giancarlo gonzalez,DF,1988-02-08,30,70,2,Bologna,,
2018,CRC,Costa Rica,Ian Smith,ian smith,DF,1998-03-06,20,4,0,Norrköping,,
2018,CRC,Costa Rica,Celso Borges,celso borges,MF,1988-05-27,30,113,21,Deportivo La Coruña,,
2018,CRC,Costa Rica,Óscar Duarte,oscar duarte,DF,1989-06-03,29,39,2,Espanyol,,
2018,CRC,Costa Rica,Christian Bolaños,christian bolanos,MF,1984-05-17,34,81,6,Saprissa,,
2018,CRC,Costa Rica,Bryan Oviedo,bryan oviedo,DF,1990-02-18,28,44,1,Sunderland,,
2018,CRC,Costa Rica,Daniel Colindres,daniel colindres,MF,1985-01-10,33,11,0,Saprissa,,
2018,CRC,Costa Rica,Bryan Ruiz,bryan ruiz,MF,1985-08-18,32,110,24,Sporting CP,,
2018,CRC,Costa Rica,Johan Venegas,johan venegas,FW,1988-11-27,29,47,10,Saprissa,,
2018,CRC,Costa Rica,Joel Campbell,joel campbell,FW,1992-06-26,25,77,15,Real Betis,,
2018,CRC,Costa Rica,Rodney Wallace,rodney wallace,MF,1988-06-17,29,30,4,New York City FC,,
2018,CRC,Costa Rica,Randall Azofeifa,randall azofeifa,MF,1984-12-30,33,58,3,Herediano,,
2018,CRC,Costa Rica,Francisco Calvo,francisco calvo,DF,1992-07-08,25,38,4,Minnesota United FC,,
2018,CRC,Costa Rica,Cristian Gamboa,cristian gamboa,DF,1989-10-24,28,68,3,Celtic,,
2018,CRC,Costa Rica,Yeltsin Tejeda,yeltsin tejeda,MF,1992-03-17,26,51,0,Lausanne,,
2018,CRC,Costa Rica,Patrick Pemberton,patrick pemberton,GK,1982-04-24,36,39,0,Alajuelense,,
2018,CRC,Costa Rica,Kendall Waston,kendall waston,DF,1988-01-01,30,26,3,Vancouver Whitecaps FC,,
2018,CRC,Costa Rica,David Guzmán,david guzman,MF,1990-02-18,28,43,0,Portland Timbers,,
2018,CRC,Costa Rica,Marco Ureña,marco urena,FW,1990-03-05,28,64,15,Los Angeles FC,,
2018,CRC,Costa Rica,Kenner Gutiérrez,kenner gutierrez,DF,1989-06-09,29,9,0,Alajuelense,,
2018,CRC,Costa Rica,Leonel Moreira,leonel moreira,GK,1990-04-02,28,9,0,Herediano,,
2018,SRB,Serbia,Vladimir Stojković,vladimir stojkovic,GK,1983-07-28,34,81,0,Partizan,,
2018,SRB,Serbia,Antonio Rukavina,antonio rukavina,DF,1984-01-26,34,47,0,Villarreal,,
2018,SRB,Serbia,Duško Tošić,dusko tosic,DF,1985-01-19,33,24,1,Beşiktaş,,
2018,SRB,Serbia,Luka Milivojević,luka milivojevic,MF,1991-04-07,27,28,1,Crystal Palace,,
2018,SRB,Serbia,Uroš Spajić,uros spajic,DF,1993-02-13,25,5,0,Anderlecht,,
2018,SRB,Serbia,Branislav Ivanović,branislav ivanovic,DF,1984-02-22,34,103,13,Zenit Saint Petersburg,,
2018,SRB,Serbia,Andrija Živković,andrija zivkovic,MF,1996-07-11,21,10,0,Benfica,,
2018,SRB,Serbia,Aleksandar Prijović,aleksandar prijovic,FW,1990-04-21,28,9,1,PAOK,,
2018,SRB,Serbia,Aleksandar Mitrović,aleksandar mitrovic,FW,1994-09-16,23,37,16,Fulham,,
2018,SRB,Serbia,Dušan Tadić,dusan tadic,MF,1988-11-20,29,53,13,Southampton,,
2018,SRB,Serbia,Aleksandar Kolarov,aleksandar kolarov,DF,1985-11-10,32,76,10,Roma,,
2018,SRB,Serbia,Predrag Rajković,predrag rajkovic,GK,1995-10-31,22,8,0,Maccabi Tel Aviv,,
2018,SRB,Serbia,Miloš Veljković,milos veljkovic,DF,1995-09-26,22,2,0,Werder Bremen,,
2018,SRB,Serbia,Milan Rodić,milan rodic,DF,1991-04-02,27,1,0,Red Star Belgrade,,
2018,SRB,Serbia,Nikola Milenković,nikola milenkovic,DF,1997-10-12,20,3,0,Fiorentina,,
2018,SRB,Serbia,Marko Grujić,marko grujic,MF,1996-04-13,22,8,0,Cardiff City,,
2018,SRB,Serbia,Filip Kostić,filip kostic,MF,1992-11-01,25,23,2,Hamburger SV,,
2018,SRB,Serbia,Nemanja Radonjić,nemanja radonjic,FW,1996-02-15,22,3,0,Red Star Belgrade,,
2018,SRB,Serbia,Luka Jović,luka jovic,FW,1997-12-23,20,1,0,Eintracht Frankfurt,,
2018,SRB,Serbia,Sergej Milinković-Savić,sergej milinkovic-savic,MF,1995-02-27,23,4,0,Lazio,,
2018,SRB,Serbia,Nemanja Matić,nemanja matic,MF,1988-08-01,29,40,2,Manchester United,,
2018,SRB,Serbia,Adem Ljajić,adem ljajic,MF,1991-09-29,26,29,6,Torino,,
2018,SRB,Serbia,Marko Dmitrović,marko dmitrovic,GK,1992-01-24,26,2,0,Eibar,,
2018,SUI,Switzerland,Yann Sommer,yann sommer,GK,1988-12-17,29,35,0,Borussia Mönchengladbach,,
2018,SUI,Switzerland,Stephan Lichtsteiner,stephan lichtsteiner,DF,1984-01-16,34,100,8,Juventus,,
2018,SUI,Switzerland,François Moubandje,francois moubandje,DF,1990-06-21,27,18,0,Toulouse,,
2018,SUI,Switzerland,Nico Elvedi,nico elvedi,DF,1996-09-30,21,6,0,Borussia Mönchengladbach,,
2018,SUI,Switzerland,Manuel Akanji,manuel akanji,DF,1995-07-19,22,7,0,Borussia Dortmund,,
2018,SUI,Switzerland,Michael Lang,michael lang,DF,1991-02-08,27,24,2,Basel,,
2018,SUI,Switzerland,Breel Embolo,breel embolo,FW,1997-02-14,21,25,3,Schalke 04,,
2018,SUI,Switzerland,Remo Freuler,remo freuler,MF,1992-04-15,26,10,0,Atalanta,,
2018,SUI,Switzerland,Haris Seferovic,haris seferovic,FW,1992-02-22,26,51,12,Benfica,,
2018,SUI,Switzerland,Granit Xhaka,granit xhaka,MF,1992-09-27,25,62,9,Arsenal,,
2018,SUI,Switzerland,Valon Behrami,valon behrami,MF,1985-04-19,33,79,2,Udinese,,
2018,SUI,Switzerland,Yvon Mvogo,yvon mvogo,GK,1994-06-06,24,0,0,RB Leipzig,,
2018,SUI,Switzerland,Ricardo Rodríguez,ricardo rodriguez,DF,1992-08-25,25,53,5,Milan,,
2018,SUI,Switzerland,Steven Zuber,steven zuber,MF,1991-08-17,26,12,3,1899 Hoffenheim,,
2018,SUI,Switzerland,Blerim Džemaili,blerim dzemaili,MF,1986-04-12,32,65,9,Bologna,,
2018,SUI,Switzerland,Gelson Fernandes,gelson fernandes,MF,1986-09-02,31,67,2,Eintracht Frankfurt,,
2018,SUI,Switzerland,Denis Zakaria,denis zakaria,MF,1996-11-20,21,10,0,Borussia Mönchengladbach,,
2018,SUI,Switzerland,Mario Gavranović,mario gavranovic,FW,1989-11-24,28,14,5,Dinamo Zagreb,,
2018,SUI,Switzerland,Josip Drmić,josip drmic,FW,1992-08-08,25,29,9,Borussia Mönchengladbach,,
2018,SUI,Switzerland,Johan Djourou,johan djourou,DF,1987-01-18,31,74,2,Antalyaspor,,
2018,SUI,Switzerland,Roman Bürki,roman burki,GK,1990-11-14,27,9,0,Borussia Dortmund,,
2018,SUI,Switzerland,Fabian Schär,fabian schar,DF,1991-12-20,26,39,7,Deportivo La Coruña,,
2018,SUI,Switzerland,Xherdan Shaqiri,xherdan shaqiri,MF,1991-10-10,26,70,20,Stoke City,,
2018,GER,Germany,Manuel Neuer,manuel neuer,GK,1986-03-27,32,76,0,Bayern Munich,,
2018,GER,Germany,Marvin Plattenhardt,marvin plattenhardt,DF,1992-01-26,26,6,0,Hertha BSC,,
2018,GER,Germany,Jonas Hector,jonas hector,DF,1990-05-27,28,38,3,1. FC Köln,,
2018,GER,Germany,Matthias Ginter,matthias ginter,DF,1994-01-19,24,18,0,Borussia Mönchengladbach,,
2018,GER,Germany,Mats Hummels,mats hummels,DF,1988-12-16,29,64,5,Bayern Munich,,
2018,GER,Germany,Sami Khedira,sami khedira,MF,1987-04-04,31,75,7,Juventus,,
2018,GER,Germany,Julian Draxler,julian draxler,MF,1993-09-20,24,44,6,Paris Saint-Germain,,
2018,GER,Germany,Toni Kroos,toni kroos,MF,1990-01-04,28,83,12,Real Madrid,,
2018,GER,Germany,Timo Werner,timo werner,FW,1996-03-06,22,14,8,RB Leipzig,,
2018,GER,Germany,Mesut Özil,mesut ozil,MF,1988-10-15,29,90,23,Arsenal,,
2018,GER,Germany,Marco Reus,marco reus,FW,1989-05-31,29,31,9,Borussia Dortmund,,
2018,GER,Germany,Kevin Trapp,kevin trapp,GK,1990-07-08,27,3,0,Paris Saint-Germain,,
2018,GER,Germany,Thomas Müller,thomas muller,MF,1989-09-13,28,91,38,Bayern Munich,,
2018,GER,Germany,Leon Goretzka,leon goretzka,MF,1995-02-06,23,15,6,Schalke 04,,
2018,GER,Germany,Niklas Süle,niklas sule,DF,1995-09-03,22,11,0,Bayern Munich,,
2018,GER,Germany,Antonio Rüdiger,antonio rudiger,DF,1993-03-03,25,24,1,Chelsea,,
2018,GER,Germany,Jérôme Boateng,jerome boateng,DF,1988-09-03,29,71,1,Bayern Munich,,
2018,GER,Germany,Joshua Kimmich,joshua kimmich,DF,1995-02-08,23,29,3,Bayern Munich,,
2018,GER,Germany,Sebastian Rudy,sebastian rudy,MF,1990-02-28,28,25,1,Bayern Munich,,
2018,GER,Germany,Julian Brandt,julian brandt,MF,1996-05-02,22,16,1,Bayer Leverkusen,,
2018,GER,Germany,İlkay Gündoğan,ilkay gundogan,MF,1990-10-24,27,26,4,Manchester City,,
2018,GER,Germany,Marc-André ter Stegen,marc-andre ter stegen,GK,1992-04-30,26,20,0,Barcelona,,
2018,GER,Germany,Mario Gómez,mario gomez,FW,1985-07-10,32,75,31,VfB Stuttgart,,
2018,MEX,Mexico,José de Jesús Corona,jose de jesus corona,GK,1981-01-26,37,52,0,Cruz Azul,,
2018,MEX,Mexico,Hugo Ayala,hugo ayala,DF,1987-03-31,31,43,1,Tigres UANL,,
2018,MEX,Mexico,Carlos Salcedo,carlos salcedo,DF,1993-09-29,24,21,0,Eintracht Frankfurt,,
2018,MEX,Mexico,Rafael Márquez,rafael marquez,DF,1979-02-13,39,145,18,Atlas,,
2018,MEX,Mexico,Érick Gutiérrez,erick gutierrez,MF,1995-06-15,22,9,0,Pachuca,,
2018,MEX,Mexico,Jonathan dos Santos,jonathan dos santos,MF,1990-04-26,28,32,0,LA Galaxy,,
2018,MEX,Mexico,Miguel Layún,miguel layun,MF,1988-06-25,29,64,6,Sevilla,,
2018,MEX,Mexico,Marco Fabián,marco fabian,FW,1989-07-21,28,39,9,Eintracht Frankfurt,,
2018,MEX,Mexico,Raúl Jiménez,raul jimenez,FW,1991-05-05,27,63,13,Benfica,,
2018,MEX,Mexico,Giovani dos Santos,giovani dos santos,MF,1989-05-11,29,105,19,LA Galaxy,,
2018,MEX,Mexico,Carlos Vela,carlos vela,FW,1989-03-01,29,68,18,Los Angeles FC,,
2018,MEX,Mexico,Alfredo Talavera,alfredo talavera,GK,1982-09-18,35,27,0,Toluca,,
2018,MEX,Mexico,Guillermo Ochoa,guillermo ochoa,GK,1985-07-13,32,94,0,Standard Liège,,
2018,MEX,Mexico,Javier Hernández,javier hernandez,FW,1988-06-01,30,102,49,West Ham United,,
2018,MEX,Mexico,Héctor Moreno,hector moreno,DF,1988-01-17,30,92,3,Real Sociedad,,
2018,MEX,Mexico,Héctor Herrera,hector herrera,DF,1990-04-19,28,66,5,Porto,,
2018,MEX,Mexico,Jesús Manuel Corona,jesus manuel corona,MF,1993-01-06,25,36,7,Porto,,
2018,MEX,Mexico,Andrés Guardado,andres guardado,MF,1986-09-28,31,145,25,Real Betis,,
2018,MEX,Mexico,Oribe Peralta,oribe peralta,FW,1984-01-12,34,67,26,América,,
2018,MEX,Mexico,Javier Aquino,javier aquino,MF,1990-02-11,28,53,0,Tigres UANL,,
2018,MEX,Mexico,Edson Álvarez,edson alvarez,DF,1997-10-24,20,13,1,América,,
2018,MEX,Mexico,Hirving Lozano,hirving lozano,FW,1995-07-30,22,28,7,PSV Eindhoven,,
2018,MEX,Mexico,Jesús Gallardo,jesus gallardo,MF,1994-08-15,23,23,0,Pumas UNAM,,
2018,KOR,South Korea,Kim Seung-gyu,kim seung-gyu,GK,1990-09-30,27,33,0,Vissel Kobe,,
2018,KOR,South Korea,Lee Yong,lee yong,DF,1986-12-24,31,28,0,Jeonbuk Hyundai Motors,,
2018,KOR,South Korea,Jung Seung-hyun,jung seung-hyun,DF,1994-04-03,24,6,0,Sagan Tosu,,
2018,KOR,South Korea,Oh Ban-suk,oh ban-suk,DF,1988-05-20,30,2,0,Jeju United,,
2018,KOR,South Korea,Yun Young-sun,yun young-sun,DF,1988-10-04,29,6,0,Seongnam FC,,
2018,KOR,South Korea,Park Joo-ho,park joo-ho,DF,1987-01-16,31,36,0,Ulsan Hyundai,,
2018,KOR,South Korea,Son Heung-min,son heung-min,FW,1992-07-08,25,67,21,Tottenham Hotspur,,
2018,KOR,South Korea,Ju Se-jong,ju se-jong,MF,1990-10-30,27,11,1,Asan Mugunghwa,,
2018,KOR,South Korea,Kim Shin-wook,kim shin-wook,FW,1988-04-14,30,50,10,Jeonbuk Hyundai Motors,,
2018,KOR,South Korea,Lee Seung-woo,lee seung-woo,MF,1998-01-06,20,4,0,Hellas Verona,,
2018,KOR,South Korea,Hwang Hee-chan,hwang hee-chan,FW,1996-01-26,22,14,2,Red Bull Salzburg,,
2018,KOR,South Korea,Kim Min-woo,kim min-woo,DF,1990-02-25,28,20,1,Sangju Sangmu,,
2018,KOR,South Korea,Koo Ja-cheol,koo ja-cheol,MF,1989-02-27,29,68,19,FC Augsburg,,
2018,KOR,South Korea,Hong Chul,hong chul,DF,1990-09-17,27,14,0,Sangju Sangmu,,
2018,KOR,South Korea,Jung Woo-young,jung woo-young,MF,1989-12-14,28,30,1,Vissel Kobe,,
2018,KOR,South Korea,Ki Sung-yueng,ki sung-yueng,MF,1989-01-24,29,102,10,Swansea City,,
2018,KOR,South Korea,Lee Jae-sung,lee jae-sung,MF,1992-08-10,25,35,6,Jeonbuk Hyundai Motors,,
2018,KOR,South Korea,Moon Seon-min,moon seon-min,MF,1992-06-09,26,3,1,Incheon United,,
2018,KOR,South Korea,Kim Young-gwon,kim young-gwon,DF,1990-02-27,28,53,2,Guangzhou Evergrande,,
2018,KOR,South Korea,Jang Hyun-soo,jang hyun-soo,DF,1991-09-28,26,51,3,FC Tokyo,,
2018,KOR,South Korea,Kim Jin-hyeon,kim jin-hyeon,GK,1987-07-06,30,15,0,Cerezo Osaka,,
2018,KOR,South Korea,Go Yo-han,go yo-han,DF,1988-03-10,30,20,0,FC Seoul,,
2018,KOR,South Korea,Jo Hyeon-woo,jo hyeon-woo,GK,1991-09-25,26,6,0,Daegu FC,,
2018,SWE,Sweden,Robin Olsen,robin olsen,GK,1990-01-08,28,18,0,Copenhagen,,
2018,SWE,Sweden,Mikael Lustig,mikael lustig,DF,1986-12-13,31,66,6,Celtic,,
2018,SWE,Sweden,Victor Lindelöf,victor lindelof,DF,1994-07-17,23,21,1,Manchester United,,
2018,SWE,Sweden,Andreas Granqvist,andreas granqvist,DF,1985-04-16,33,72,6,Krasnodar,,
2018,SWE,Sweden,Martin Olsson,martin olsson,DF,1988-05-17,30,43,5,Swansea City,,
2018,SWE,Sweden,Ludwig Augustinsson,ludwig augustinsson,DF,1994-04-21,24,15,0,Werder Bremen,,
2018,SWE,Sweden,Sebastian Larsson,sebastian larsson,MF,1985-06-06,33,100,6,Hull City,,
2018,SWE,Sweden,Albin Ekdal,albin ekdal,MF,1989-07-28,28,34,0,Hamburger SV,,
2018,SWE,Sweden,Marcus Berg,marcus berg,FW,1986-08-17,31,57,18,Al Ain,,
2018,SWE,Sweden,Emil Forsberg,emil forsberg,MF,1991-10-23,26,36,6,RB Leipzig,,
2018,SWE,Sweden,John Guidetti,john guidetti,FW,1992-04-15,26,20,1,Alavés,,
2018,SWE,Sweden,Karl-Johan Johnsson,karl-johan johnsson,GK,1990-01-28,28,5,0,Guingamp,,
2018,SWE,Sweden,Gustav Svensson,gustav svensson,MF,1987-02-07,31,13,0,Seattle Sounders FC,,
2018,SWE,Sweden,Filip Helander,filip helander,DF,1993-04-22,25,4,0,Bologna,,
2018,SWE,Sweden,Oscar Hiljemark,oscar hiljemark,MF,1992-06-28,25,22,2,Genoa,,
2018,SWE,Sweden,Emil Krafth,emil krafth,DF,1994-08-02,23,13,0,Bologna,,
2018,SWE,Sweden,Viktor Claesson,viktor claesson,MF,1992-01-02,26,22,3,Krasnodar,,
2018,SWE,Sweden,Pontus Jansson,pontus jansson,DF,1991-02-13,27,15,0,Leeds United,,
2018,SWE,Sweden,Marcus Rohdén,marcus rohden,MF,1991-05-11,27,12,1,Crotone,,
2018,SWE,Sweden,Ola Toivonen,ola toivonen,FW,1986-07-03,31,59,13,Toulouse,,
2018,SWE,Sweden,Jimmy Durmaz,jimmy durmaz,MF,1989-03-22,29,45,3,Toulouse,,
2018,SWE,Sweden,Isaac Kiese Thelin,isaac kiese thelin,FW,1992-06-24,25,20,2,Waasland-Beveren,,
2018,SWE,Sweden,Kristoffer Nordfeldt,kristoffer nordfeldt,GK,1989-06-23,28,8,0,Swansea City,,
2018,BEL,Belgium,Thibaut Courtois,thibaut courtois,GK,1992-05-11,26,58,0,Chelsea,,
2018,BEL,Belgium,Toby Alderweireld,toby alderweireld,DF,1989-03-02,29,77,3,Tottenham Hotspur,,
2018,BEL,Belgium,Thomas Vermaelen,thomas vermaelen,DF,1985-11-14,32,66,1,Barcelona,,
2018,BEL,Belgium,Vincent Kompany,vincent kompany,DF,1986-04-10,32,77,4,Manchester City,,
2018,BEL,Belgium,Jan Vertonghen,jan vertonghen,DF,1987-04-24,31,102,8,Tottenham Hotspur,,
2018,BEL,Belgium,Axel Witsel,axel witsel,MF,1989-01-12,29,90,9,Tianjin Quanjian,,
2018,BEL,Belgium,Kevin De Bruyne,kevin de bruyne,MF,1991-06-28,26,62,14,Manchester City,,
2018,BEL,Belgium,Marouane Fellaini,marouane fellaini,MF,1987-11-22,30,82,17,Manchester United,,
2018,BEL,Belgium,Romelu Lukaku,romelu lukaku,FW,1993-05-13,25,69,36,Manchester United,,
2018,BEL,Belgium,Eden Hazard,eden hazard,FW,1991-01-07,27,86,22,Chelsea,,
2018,BEL,Belgium,Yannick Carrasco,yannick carrasco,MF,1993-09-04,24,26,5,Dalian Yifang,,
2018,BEL,Belgium,Simon Mignolet,simon mignolet,GK,1988-03-06,30,21,0,Liverpool,,
2018,BEL,Belgium,Koen Casteels,koen casteels,GK,1992-06-25,25,0,0,VfL Wolfsburg,,
2018,BEL,Belgium,Dries Mertens,dries mertens,FW,1987-05-06,31,69,14,Napoli,,
2018,BEL,Belgium,Thomas Meunier,thomas meunier,DF,1991-09-12,26,25,5,Paris Saint-Germain,,
2018,BEL,Belgium,Thorgan Hazard,thorgan hazard,MF,1993-03-29,25,11,1,Borussia Mönchengladbach,,
2018,BEL,Belgium,Youri Tielemans,youri tielemans,MF,1997-05-07,21,9,0,Monaco,,
2018,BEL,Belgium,Adnan Januzaj,adnan januzaj,FW,1995-02-05,23,8,0,Real Sociedad,,
2018,BEL,Belgium,Mousa Dembélé,mousa dembele,MF,1987-07-16,30,76,5,Tottenham Hotspur,,
2018,BEL,Belgium,Dedryck Boyata,dedryck boyata,DF,1990-11-28,27,7,0,Celtic,,
2018,BEL,Belgium,Michy Batshuayi,michy batshuayi,FW,1993-10-02,24,16,7,Borussia Dortmund,,
2018,BEL,Belgium,Nacer Chadli,nacer chadli,MF,1989-08-02,28,45,5,West Bromwich Albion,,
2018,BEL,Belgium,Leander Dendoncker,leander dendoncker,DF,1995-04-15,23,5,0,Anderlecht,,
2018,ENG,England,Jordan Pickford,jordan pickford,GK,1994-03-07,24,3,0,Everton,,
2018,ENG,England,Kyle Walker,kyle walker,DF,1990-05-28,28,35,0,Manchester City,,
2018,ENG,England,Danny Rose,danny rose,DF,1990-07-02,27,18,0,Tottenham Hotspur,,
2018,ENG,England,Eric Dier,eric dier,MF,1994-01-15,24,26,3,Tottenham Hotspur,,
2018,ENG,England,John Stones,john stones,DF,1994-05-28,24,26,0,Manchester City,,
2018,ENG,England,Harry Maguire,harry maguire,DF,1993-03-05,25,5,0,Leicester City,,
2018,ENG,England,Jesse Lingard,jesse lingard,MF,1992-12-15,25,12,1,Manchester United,,
2018,ENG,England,Jordan Henderson,jordan henderson,MF,1990-06-17,27,39,0,Liverpool,,
2018,ENG,England,Harry Kane,harry kane,FW,1993-07-28,24,24,13,Tottenham Hotspur,,
2018,ENG,England,Raheem Sterling,raheem sterling,FW,1994-12-08,23,38,2,Manchester City,,
2018,ENG,England,Jamie Vardy,jamie vardy,FW,1987-01-11,31,22,7,Leicester City,,
2018,ENG,England,Kieran Trippier,kieran trippier,DF,1990-09-19,27,7,0,Tottenham Hotspur,,
2018,ENG,England,Jack Butland,jack butland,GK,1993-03-10,25,8,0,Stoke City,,
2018,ENG,England,Danny Welbeck,danny welbeck,FW,1990-11-26,27,39,16,Arsenal,,
2018,ENG,England,Gary Cahill,gary cahill,DF,1985-12-19,32,60,5,Chelsea,,
2018,ENG,England,Phil Jones,phil jones,DF,1992-02-21,26,25,0,Manchester United,,
2018,ENG,England,Fabian Delph,fabian delph,DF,1989-11-21,28,11,0,Manchester City,,
2018,ENG,England,Ashley Young,ashley young,DF,1985-07-09,32,34,7,Manchester United,,
2018,ENG,England,Marcus Rashford,marcus rashford,FW,1997-10-31,20,19,3,Manchester United,,
2018,ENG,England,Dele Alli,dele alli,MF,1996-04-11,22,25,2,Tottenham Hotspur,,
2018,ENG,England,Ruben Loftus-Cheek,ruben loftus-cheek,MF,1996-01-23,22,4,0,Crystal Palace,,
2018,ENG,England,Trent Alexander-Arnold,trent alexander-arnold,DF,1998-10-07,19,1,0,Liverpool,,
2018,ENG,England,Nick Pope,nick pope,GK,1992-04-19,26,1,0,Burnley,,
2018,PAN,Panama,Jaime Penedo,jaime penedo,GK,1981-09-26,36,131,0,Dinamo București,,
2018,PAN,Panama,Michael Amir Murillo,michael amir murillo,DF,1996-02-11,22,22,2,New York Red Bulls,,
2018,PAN,Panama,Harold Cummings,harold cummings,DF,1992-03-01,26,52,0,San Jose Earthquakes,,
2018,PAN,Panama,Fidel Escobar,fidel escobar,DF,1995-01-09,23,23,1,New York Red Bulls,,
2018,PAN,Panama,Román Torres,roman torres,DF,1986-03-20,32,111,10,Seattle Sounders FC,,
2018,PAN,Panama,Gabriel Gómez,gabriel gomez,MF,1984-05-29,34,144,12,Atlético Bucaramanga,,
2018,PAN,Panama,Blas Pérez,blas perez,FW,1981-03-13,37,118,43,Municipal,,
2018,PAN,Panama,Yoel Bárcenas,yoel barcenas,MF,1993-10-23,24,29,0,Tapachula,,
2018,PAN,Panama,Gabriel Torres,gabriel torres,FW,1988-10-31,29,72,14,Huachipato,,
2018,PAN,Panama,Ismael Díaz,ismael diaz,FW,1997-05-12,21,11,2,Deportivo Fabril,,
2018,PAN,Panama,Armando Cooper,armando cooper,MF,1987-11-26,30,98,7,Universidad de Chile,,
2018,PAN,Panama,José Calderón,jose calderon,GK,1985-08-14,32,31,0,Chorrillo,,
2018,PAN,Panama,Adolfo Machado,adolfo machado,DF,1985-02-14,33,76,1,Houston Dynamo,,
2018,PAN,Panama,Valentín Pimentel,valentin pimentel,MF,1991-05-30,27,23,1,Plaza Amador,,
2018,PAN,Panama,Eric Davis,eric davis,DF,1991-03-31,27,38,0,Dunajská Streda,,
2018,PAN,Panama,Abdiel Arroyo,abdiel arroyo,FW,1993-12-13,24,33,5,Alajuelense,,
2018,PAN,Panama,Luis Ovalle,luis ovalle,DF,1988-09-07,29,25,0,CD Olimpia,,
2018,PAN,Panama,Luis Tejada,luis tejada,FW,1982-03-28,36,105,43,Sport Boys,,
2018,PAN,Panama,Ricardo Ávila,ricardo avila,MF,1997-02-04,21,5,0,Gent,,
2018,PAN,Panama,Aníbal Godoy,anibal godoy,MF,1990-02-10,28,88,1,San Jose Earthquakes,,
2018,PAN,Panama,José Luis Rodríguez,jose luis rodriguez,MF,1998-06-19,19,2,0,Gent,,
2018,PAN,Panama,Álex Rodríguez,alex rodriguez,GK,1990-08-05,27,6,0,San Francisco,,
2018,PAN,Panama,Felipe Baloy,felipe baloy,DF,1981-02-24,37,102,3,Municipal,,
2018,TUN,Tunisia,Farouk Ben Mustapha,farouk ben mustapha,GK,1989-07-01,28,15,0,Al Shabab,,
2018,TUN,Tunisia,Syam Ben Youssef,syam ben youssef,DF,1989-03-31,29,42,1,Kasımpaşa,,
2018,TUN,Tunisia,Yohan Benalouane,yohan benalouane,DF,1987-03-28,31,4,0,Leicester City,,
2018,TUN,Tunisia,Yassine Meriah,yassine meriah,DF,1993-07-02,24,16,1,CS Sfaxien,,
2018,TUN,Tunisia,Oussama Haddadi,oussama haddadi,DF,1992-01-28,26,9,0,Dijon,,
2018,TUN,Tunisia,Rami Bedoui,rami bedoui,DF,1990-01-19,28,8,0,Étoile du Sahel,,
2018,TUN,Tunisia,Saîf-Eddine Khaoui,saif-eddine khaoui,FW,1995-04-27,23,5,0,Troyes,,
2018,TUN,Tunisia,Fakhreddine Ben Youssef,fakhreddine ben youssef,FW,1991-06-23,26,39,5,Al-Ettifaq,,
2018,TUN,Tunisia,Anice Badri,anice badri,MF,1990-09-18,27,7,2,Espérance de Tunis,,
2018,TUN,Tunisia,Wahbi Khazri,wahbi khazri,FW,1991-02-08,27,35,12,Rennes,,
2018,TUN,Tunisia,Dylan Bronn,dylan bronn,DF,1995-06-19,22,5,0,Gent,,
2018,TUN,Tunisia,Ali Maâloul,ali maaloul,DF,1990-01-01,28,46,0,Al Ahly,,
2018,TUN,Tunisia,Ferjani Sassi,ferjani sassi,MF,1992-03-18,26,39,3,Al Nassr,,
2018,TUN,Tunisia,Mohamed Amine Ben Amor,mohamed amine ben amor,MF,1992-05-03,26,26,1,Al Ahli,,
2018,TUN,Tunisia,Ahmed Khalil,ahmed khalil,FW,1994-12-21,23,3,0,Club Africain,,
2018,TUN,Tunisia,Aymen Mathlouthi,aymen mathlouthi,GK,1984-09-14,33,70,0,Al Batin,,
2018,TUN,Tunisia,Ellyes Skhiri,ellyes skhiri,MF,1995-05-10,23,5,0,Montpellier,,
2018,TUN,Tunisia,Bassem Srarfi,bassem srarfi,FW,1997-06-25,20,5,0,Nice,,
2018,TUN,Tunisia,Saber Khalifa,saber khalifa,FW,1986-10-14,31,44,7,Club Africain,,
2018,TUN,Tunisia,Ghailene Chaalali,ghailene chaalali,FW,1994-02-28,24,6,1,Espérance de Tunis,,
2018,TUN,Tunisia,Hamdi Nagguez,hamdi nagguez,DF,1992-10-28,25,15,0,Zamalek,,
2018,TUN,Tunisia,Mouez Hassen,mouez hassen,GK,1995-03-05,23,3,0,Châteauroux,,
2018,TUN,Tunisia,Naïm Sliti,naim sliti,FW,1992-07-27,25,17,3,Dijon,,
2018,COL,Colombia,David Ospina,david ospina,GK,1988-08-31,29,86,0,Arsenal,,
2018,COL,Colombia,Cristián Zapata,cristian zapata,DF,1986-09-30,31,55,2,Milan,,
2018,COL,Colombia,Óscar Murillo,oscar murillo,DF,1988-04-18,30,13,0,Pachuca,,
2018,COL,Colombia,Santiago Arias,santiago arias,DF,1992-01-13,26,41,0,PSV Eindhoven,,
2018,COL,Colombia,Wilmar Barrios,wilmar barrios,MF,1993-10-16,24,10,0,Boca Juniors,,
2018,COL,Colombia,Carlos Sánchez,carlos sanchez,MF,1986-02-06,32,85,0,Espanyol,,
2018,COL,Colombia,Carlos Bacca,carlos bacca,FW,1986-09-08,31,45,14,Villarreal,,
2018,COL,Colombia,Abel Aguilar,abel aguilar,MF,1985-01-06,33,70,7,Deportivo Cali,,
2018,COL,Colombia,Radamel Falcao,radamel falcao,FW,1986-02-10,32,73,29,Monaco,,
2018,COL,Colombia,James Rodríguez,james rodriguez,MF,1991-07-12,26,63,21,Bayern Munich,,
2018,COL,Colombia,Juan Cuadrado,juan cuadrado,MF,1988-05-26,30,70,7,Juventus,,
2018,COL,Colombia,Camilo Vargas,camilo vargas,GK,1989-03-09,29,5,0,Deportivo Cali,,
2018,COL,Colombia,Yerry Mina,yerry mina,DF,1994-09-23,23,12,3,Barcelona,,
2018,COL,Colombia,Luis Muriel,luis muriel,FW,1991-04-16,27,18,2,Sevilla,,
2018,COL,Colombia,Mateus Uribe,mateus uribe,MF,1991-03-21,27,8,0,América,,
2018,COL,Colombia,Jefferson Lerma,jefferson lerma,MF,1994-10-25,23,5,0,Levante,,
2018,COL,Colombia,Johan Mojica,johan mojica,DF,1992-08-21,25,4,1,Girona,,
2018,COL,Colombia,Farid Díaz,farid diaz,DF,1983-07-20,34,13,0,Olimpia,,
2018,COL,Colombia,Miguel Borja,miguel borja,FW,1993-01-26,25,7,2,Palmeiras,,
2018,COL,Colombia,Juan Fernando Quintero,juan fernando quintero,MF,1993-01-18,25,15,2,River Plate,,
2018,COL,Colombia,José Izquierdo,jose izquierdo,FW,1992-07-07,25,5,1,Brighton & Hove Albion,,
2018,COL,Colombia,José Fernando Cuadrado,jose fernando cuadrado,GK,1985-06-01,33,1,0,Once Caldas,,
2018,COL,Colombia,Davinson Sánchez,davinson sanchez,DF,1996-06-12,22,9,0,Tottenham Hotspur,,
2018,JPN,Japan,Eiji Kawashima,eiji kawashima,GK,1983-03-20,35,84,0,Metz,,
2018,JPN,Japan,Naomichi Ueda,naomichi ueda,DF,1994-10-24,23,4,0,Kashima Antlers,,
2018,JPN,Japan,Gen Shoji,gen shoji,DF,1992-12-11,25,11,1,Kashima Antlers,,
2018,JPN,Japan,Keisuke Honda,keisuke honda,MF,1986-06-13,32,95,36,Pachuca,,
2018,JPN,Japan,Yūto Nagatomo,yuto nagatomo,DF,1986-09-12,31,105,3,Galatasaray,,
2018,JPN,Japan,Wataru Endō,wataru endo,DF,1993-02-09,25,12,0,Urawa Red Diamonds,,
2018,JPN,Japan,Gaku Shibasaki,gaku shibasaki,MF,1992-05-28,26,18,3,Getafe,,
2018,JPN,Japan,Genki Haraguchi,genki haraguchi,MF,1991-05-09,27,33,6,Fortuna Düsseldorf,,
2018,JPN,Japan,Shinji Okazaki,shinji okazaki,FW,1986-04-16,32,113,50,Leicester City,,
2018,JPN,Japan,Shinji Kagawa,shinji kagawa,MF,1989-03-17,29,92,30,Borussia Dortmund,,
2018,JPN,Japan,Takashi Usami,takashi usami,MF,1992-05-06,26,24,3,Fortuna Düsseldorf,,
2018,JPN,Japan,Masaaki Higashiguchi,masaaki higashiguchi,GK,1986-05-12,32,5,0,Gamba Osaka,,
2018,JPN,Japan,Yoshinori Muto,yoshinori muto,FW,1992-07-15,25,24,2,Mainz 05,,
2018,JPN,Japan,Takashi Inui,takashi inui,MF,1988-06-02,30,27,4,Eibar,,
2018,JPN,Japan,Yuya Osako,yuya osako,FW,1990-05-18,28,29,7,1. FC Köln,,
2018,JPN,Japan,Hotaru Yamaguchi,hotaru yamaguchi,MF,1990-10-06,27,42,2,Cerezo Osaka,,
2018,JPN,Japan,Makoto Hasebe,makoto hasebe,MF,1984-01-18,34,110,2,Eintracht Frankfurt,,
2018,JPN,Japan,Ryota Oshima,ryota oshima,MF,1993-01-23,25,5,0,Kawasaki Frontale,,
2018,JPN,Japan,Hiroki Sakai,hiroki sakai,DF,1990-04-12,28,43,0,Marseille,,
2018,JPN,Japan,Tomoaki Makino,tomoaki makino,DF,1987-05-11,31,32,4,Urawa Red Diamonds,,
2018,JPN,Japan,Gōtoku Sakai,gotoku sakai,DF,1991-03-14,27,41,0,Hamburger SV,,
2018,JPN,Japan,Maya Yoshida,maya yoshida,DF,1988-08-24,29,82,10,Southampton,,
2018,JPN,Japan,Kosuke Nakamura,kosuke nakamura,GK,1995-02-27,23,4,0,Kashiwa Reysol,,
2018,POL,Poland,Wojciech Szczęsny,wojciech szczesny,GK,1990-04-18,28,35,0,Juventus,,
2018,POL,Poland,Michał Pazdan,micha pazdan,DF,1987-09-21,30,33,0,Legia Warsaw,,
2018,POL,Poland,Artur Jędrzejczyk,artur jedrzejczyk,DF,1987-11-04,30,36,3,Legia Warsaw,,
2018,POL,Poland,Thiago Cionek,thiago cionek,DF,1986-04-21,32,19,0,SPAL,,
2018,POL,Poland,Jan Bednarek,jan bednarek,DF,1996-04-12,22,3,0,Southampton,,
2018,POL,Poland,Jacek Góralski,jacek goralski,MF,1992-09-21,25,5,0,Ludogorets Razgrad,,
2018,POL,Poland,Arkadiusz Milik,arkadiusz milik,FW,1994-02-28,24,40,12,Napoli,,
2018,POL,Poland,Karol Linetty,karol linetty,MF,1995-02-02,23,20,1,Sampdoria,,
2018,POL,Poland,Robert Lewandowski,robert lewandowski,FW,1988-08-21,29,95,55,Bayern Munich,,
2018,POL,Poland,Grzegorz Krychowiak,grzegorz krychowiak,MF,1990-01-29,28,51,2,West Bromwich Albion,,
2018,POL,Poland,Kamil Grosicki,kamil grosicki,MF,1988-06-08,30,57,12,Hull City,,
2018,POL,Poland,Bartosz Białkowski,bartosz biakowski,GK,1987-07-06,30,1,0,Ipswich Town,,
2018,POL,Poland,Maciej Rybus,maciej rybus,MF,1989-08-19,28,51,2,Lokomotiv Moscow,,
2018,POL,Poland,Łukasz Teodorczyk,ukasz teodorczyk,FW,1991-06-03,27,17,4,Anderlecht,,
2018,POL,Poland,Kamil Glik,kamil glik,DF,1988-02-03,30,57,4,Monaco,,
2018,POL,Poland,Jakub Błaszczykowski,jakub baszczykowski,MF,1985-12-14,32,99,20,VfL Wolfsburg,,
2018,POL,Poland,Sławomir Peszko,sawomir peszko,MF,1985-02-19,33,43,2,Lechia Gdańsk,,
2018,POL,Poland,Bartosz Bereszyński,bartosz bereszynski,DF,1992-07-12,25,8,0,Sampdoria,,
2018,POL,Poland,Piotr Zieliński,piotr zielinski,MF,1994-05-20,24,33,5,Napoli,,
2018,POL,Poland,Łukasz Piszczek,ukasz piszczek,DF,1985-06-03,33,63,3,Borussia Dortmund,,
2018,POL,Poland,Rafał Kurzawa,rafa kurzawa,MF,1993-01-29,25,3,0,Górnik Zabrze,,
2018,POL,Poland,Łukasz Fabiański,ukasz fabianski,GK,1985-04-18,33,45,0,Swansea City,,
2018,POL,Poland,Dawid Kownacki,dawid kownacki,FW,1997-03-14,21,2,1,Sampdoria,,
2018,SEN,Senegal,Abdoulaye Diallo,abdoulaye diallo,GK,1992-03-30,26,17,0,Rennes,,
2018,SEN,Senegal,Adama Mbengue,adama mbengue,DF,1993-12-01,24,6,0,Caen,,
2018,SEN,Senegal,Kalidou Koulibaly,kalidou koulibaly,DF,1991-06-20,26,26,0,Napoli,,
2018,SEN,Senegal,Kara Mbodji,kara mbodji,DF,1989-11-22,28,52,5,Anderlecht,,
2018,SEN,Senegal,Idrissa Gueye,idrissa gueye,MF,1989-09-26,28,61,1,Everton,,
2018,SEN,Senegal,Salif Sané,salif sane,DF,1990-08-25,27,22,0,Hannover 96,,
2018,SEN,Senegal,Moussa Sow,moussa sow,FW,1986-01-19,32,51,18,Bursaspor,,
2018,SEN,Senegal,Cheikhou Kouyaté,cheikhou kouyate,MF,1989-12-21,28,48,2,West Ham United,,
2018,SEN,Senegal,Mame Biram Diouf,mame biram diouf,FW,1987-12-16,30,49,10,Stoke City,,
2018,SEN,Senegal,Sadio Mané,sadio mane,FW,1992-04-10,26,53,14,Liverpool,,
2018,SEN,Senegal,Cheikh N'Doye,cheikh n'doye,MF,1986-03-29,32,26,3,Birmingham City,,
2018,SEN,Senegal,Youssouf Sabaly,youssouf sabaly,DF,1993-03-05,25,5,0,Bordeaux,,
2018,SEN,Senegal,Alfred N'Diaye,alfred n'diaye,MF,1990-03-06,28,21,0,Wolverhampton Wanderers,,
2018,SEN,Senegal,Moussa Konaté,moussa konate,FW,1993-04-03,25,28,10,Amiens,,
2018,SEN,Senegal,Diafra Sakho,diafra sakho,FW,1989-12-24,28,12,3,Rennes,,
2018,SEN,Senegal,Khadim N'Diaye,khadim n'diaye,GK,1985-04-05,33,26,0,Horoya,,
2018,SEN,Senegal,Badou Ndiaye,badou ndiaye,MF,1990-10-27,27,20,1,Stoke City,,
2018,SEN,Senegal,Ismaïla Sarr,ismaila sarr,FW,1998-02-25,20,16,3,Rennes,,
2018,SEN,Senegal,M'Baye Niang,m'baye niang,FW,1994-12-19,23,7,0,Torino,,
2018,SEN,Senegal,Keita Baldé,keita balde,FW,1995-03-08,23,19,3,Monaco,,
2018,SEN,Senegal,Lamine Gassama,lamine gassama,DF,1989-10-20,28,36,0,Alanyaspor,,
2018,SEN,Senegal,Moussa Wagué,moussa wague,DF,1998-10-04,19,10,0,Eupen,,
2018,SEN,Senegal,Alfred Gomis,alfred gomis,GK,1993-09-05,24,1,0,SPAL,,
